element_start,base,RunLevel
element_end
element_start,base,RunDataStats
key_map,retreat_chance,scout_node_chance,scout_route_chance,torch_drain_between_nodes,torch_min_value,torch_max_value,torch_default_value,hero_upgrade_points_min_value,hero_upgrade_points_max_value,hero_upgrade_points_default_value,stage_coach_armor_min_value,stage_coach_armor_max_value,stage_coach_armor_default_value,stage_coach_wheels_min_value,stage_coach_wheels_max_value,stage_coach_wheels_default_value,
add_stats,0,0.4,0.4,6,0,100,100,0,1000,0,0,2,2,0,2,2,
sub_stat,scout_node_chance,WatchTower,1,
sub_stat,scout_node_chance,Inn,10,
sub_stat,scout_node_chance,Guardian,10,
sub_stat,scout_node_chance,BossSelect,1,
sub_stat,scout_node_chance,Dungeon,10,
sub_stat,score_penalty_multiplier,optional_biomes_cleared,0,
sub_stat,score_penalty_multiplier,biome_bosses_cleared,0,
sub_stat,score_penalty_multiplier,typical_biomes_cleared,0,
element_end
element_start,base,ActorDataActOut
act_outs,traveling_stress_damage,traveling_stress_heal,
element_end
element_start,base_candle_spawns,RunLevel
m_NumberOfTypicalBiomesMin,0,
element_end
element_start,base_candle_spawns,RunDataStats
sub_stat,map_generation_node_execute_loot_chance,Cache,-1,
sub_stat,map_generation_node_execute_loot_chance,Hospital,-1,
sub_stat,map_generation_node_execute_loot_chance,Store,-1,
sub_stat,map_generation_node_execute_loot_chance,WatchTower,-1,
sub_stat,map_generation_node_execute_loot_chance,StoryCultist,-1,
sub_stat,map_generation_node_execute_loot_chance,StoryAssist,-1,
sub_stat,map_generation_node_execute_loot_chance,StoryResist,-1,
sub_stat,map_generation_node_execute_loot_chance,StoryCosmic,-1,
sub_stat,map_generation_node_execute_loot_chance,StoryHero,-1,
sub_stat,map_generation_node_execute_loot_chance,Dungeon,-1,
sub_stat,map_generation_node_execute_loot_chance,CreatureDen,-1,
sub_stat,map_generation_node_execute_loot_chance,Oasis,-1,
element_end
element_start,traveling_stress_damage,ActOut
m_Chance,0.4,
m_Priority,0.75,
m_Type,banter,
m_ActorType,SELF,
m_DisplayType,negative,
effects,stress_damage_1,
m_SourceTypeLimit,1,
element_end
element_start,traveling_stress_heal,ActOut
m_Chance,0.2,
m_Priority,0.75,
m_Type,banter,
m_ActorType,SELF,
m_DisplayType,positive,
effects,stress_heal_1,
m_SourceTypeLimit,1,
element_end
element_start,biome_1,RunLevel
m_NumberOfTypicalBiomesMin,1,
m_NumberOfTypicalBiomesMax,1,
element_end
element_start,biome_1,RunDataStats
key_map,battle_modifier_chance,
add_stats,0,
element_end
element_start,biome_2,RunLevel
m_NumberOfTypicalBiomesMin,2,
m_NumberOfTypicalBiomesMax,2,
element_end
element_start,biome_2,RunDataStats
key_map,battle_modifier_chance,
add_stats,0.33,
sub_stat,battle_configuration_chance,death,1,
element_end
element_start,biome_3,RunLevel
m_NumberOfTypicalBiomesMin,3,
m_NumberOfTypicalBiomesMax,3,
element_end
element_start,biome_3,RunDataStats
key_map,battle_modifier_chance,
add_stats,0.5,
sub_stat,battle_configuration_chance,death,1,
element_end
element_start,biome_4_plus,RunLevel
m_NumberOfTypicalBiomesMin,4,
element_end
element_start,biome_4_plus,RunDataStats
key_map,battle_modifier_chance,
add_stats,0.5,
sub_stat,battle_configuration_chance,death,2,
element_end
element_start,player_inventory_improvement_1,RunLevel
m_UnlockId,stagecoach_1,
element_end
element_start,player_inventory_improvement_1,RunDataStats
key_map,player_inventory_max_slots,
add_stats,2,
element_end
element_start,player_inventory_improvement_2,RunLevel
m_UnlockId,stagecoach_6,
element_end
element_start,player_inventory_improvement_2,RunDataStats
key_map,player_inventory_max_slots,
add_stats,2,
element_end
element_start,player_inventory_improvement_3,RunLevel
m_UnlockId,stagecoach_10,
element_end
element_start,player_inventory_improvement_3,RunDataStats
key_map,player_inventory_max_slots,
add_stats,2,
element_end
element_start,player_inventory_improvement_4,RunLevel
m_UnlockId,stagecoach_13,
element_end
element_start,player_inventory_improvement_4,RunDataStats
key_map,player_inventory_max_slots,
add_stats,2,
element_end
element_start,stage_coach_default_scouting_improvement_1,RunLevel
m_UnlockId,resources_2,
element_end
element_start,stage_coach_default_scouting_improvement_1,RunDataStats
key_map,scout_node_chance,scout_route_chance,
add_stats,0.05,0.05,
element_end
element_start,stage_coach_default_scouting_improvement_2,RunLevel
m_UnlockId,resources_9,
element_end
element_start,stage_coach_default_scouting_improvement_2,RunDataStats
key_map,scout_node_chance,scout_route_chance,
add_stats,0.05,0.05,
element_end
element_start,stage_coach_default_armor_increase_1,RunLevel
m_UnlockId,stagecoach_5,
element_end
element_start,stage_coach_default_armor_increase_1,RunDataStats
key_map,stage_coach_armor_max_value,stage_coach_armor_default_value,
add_stats,1,1,
element_end
element_start,stage_coach_default_wheels_increase_1,RunLevel
m_UnlockId,stagecoach_4,
element_end
element_start,stage_coach_default_wheels_increase_1,RunDataStats
key_map,stage_coach_wheels_max_value,stage_coach_wheels_default_value,
add_stats,1,1,
element_end
element_start,memory_store_discount_1,RunLevel
m_UnlockId,memory_2,
element_end
element_start,memory_store_discount_1,RunDataStats
sub_stat,store_cost_buy_multiplier,memory,-0.2,
element_end
element_start,memory_store_discount_2,RunLevel
m_UnlockId,memory_4,
element_end
element_start,memory_store_discount_2,RunDataStats
sub_stat,store_cost_buy_multiplier,memory,-0.2,
element_end
element_start,memory_store_discount_3,RunLevel
m_UnlockId,memory_6,
element_end
element_start,memory_store_discount_3,RunDataStats
sub_stat,store_cost_buy_multiplier,memory,-0.2,
element_end
element_start,stage_coach_map_candle_improvement_1,RunLevel
m_UnlockId,stagecoach_3,
m_NumberOfTypicalBiomesMin,1,
element_end
element_start,stage_coach_map_candle_improvement_1,RunDataStats
sub_stat,map_generation_node_execute_loot_chance,Cache,0.05,
sub_stat,map_generation_node_execute_loot_chance,Hospital,0.05,
sub_stat,map_generation_node_execute_loot_chance,Store,0.05,
sub_stat,map_generation_node_execute_loot_chance,WatchTower,0.05,
sub_stat,map_generation_node_execute_loot_chance,StoryCultist,0.05,
sub_stat,map_generation_node_execute_loot_chance,StoryAssist,0.05,
sub_stat,map_generation_node_execute_loot_chance,StoryResist,0.05,
sub_stat,map_generation_node_execute_loot_chance,StoryCosmic,0.05,
sub_stat,map_generation_node_execute_loot_chance,StoryHero,0.05,
sub_stat,map_generation_node_execute_loot_chance,Dungeon,0.05,
sub_stat,map_generation_node_execute_loot_chance,CreatureDen,0.05,
sub_stat,map_generation_node_execute_loot_chance,Oasis,0.05,
element_end
element_start,stage_coach_map_candle_improvement_2,RunLevel
m_UnlockId,stagecoach_9,
m_NumberOfTypicalBiomesMin,1,
element_end
element_start,stage_coach_map_candle_improvement_2,RunDataStats
sub_stat,map_generation_node_execute_loot_chance,Cache,0.05,
sub_stat,map_generation_node_execute_loot_chance,Hospital,0.05,
sub_stat,map_generation_node_execute_loot_chance,Store,0.05,
sub_stat,map_generation_node_execute_loot_chance,WatchTower,0.05,
sub_stat,map_generation_node_execute_loot_chance,StoryCultist,0.05,
sub_stat,map_generation_node_execute_loot_chance,StoryAssist,0.05,
sub_stat,map_generation_node_execute_loot_chance,StoryResist,0.05,
sub_stat,map_generation_node_execute_loot_chance,StoryCosmic,0.05,
sub_stat,map_generation_node_execute_loot_chance,StoryHero,0.05,
sub_stat,map_generation_node_execute_loot_chance,Dungeon,0.05,
sub_stat,map_generation_node_execute_loot_chance,CreatureDen,0.05,
sub_stat,map_generation_node_execute_loot_chance,Oasis,0.05,
element_end
element_start,wainwright_repair_discount_1,RunLevel
m_UnlockId,resources_3,
element_end
element_start,wainwright_repair_discount_1,RunDataStats
sub_stat,store_cost_buy_multiplier,inn_wainwright,-0.125,
element_end
element_start,wainwright_repair_discount_2,RunLevel
m_UnlockId,resources_10,
element_end
element_start,wainwright_repair_discount_2,RunDataStats
sub_stat,store_cost_buy_multiplier,inn_wainwright,-0.125,
element_end
